<?xml version="1.0" encoding="utf-8"?>
<modification>
	<name>Octemplates - Preorder and Stock status</name>
	<code>oct_preorder_and_stock_status</code>
	<version>1.0.0</version>
	<author>eapdob</author>
	<link>eapdob@gmail.com</link>
	<file path="catalog/language/en-gb/product/product.php">
		<operation>
			<search><![CDATA[<?php]]></search>
			<add position="after"><![CDATA[
				$_['text_instock']      = 'In stock';
				$_['text_outstock']     = '<font style="color: #f56b6b;">Out of stock</font>';
				$_['text_minstock']     = '<font style="color: #f56b6b;">The item ends</font>';
			]]></add>
		</operation>
	</file>
	<file path="catalog/language/ru-ru/product/product.php">
		<operation>
			<search><![CDATA[<?php]]></search>
			<add position="after"><![CDATA[
				$_['text_instock']      = 'В наличии';
				$_['text_outstock']     = '<font style="color: #f56b6b;">Нет в наличии</font>';
				$_['text_minstock']     = '<font style="color: #f56b6b;">Заканчивается</font>';
			]]></add>
		</operation>
	</file>
	<file path="catalog/language/ua-uk/product/product.php">
		<operation>
			<search><![CDATA[<?php]]></search>
			<add position="after"><![CDATA[
				$_['text_instock']      = 'В наявності';
				$_['text_outstock']     = '<font style="color: #f56b6b;">Немає в наявності</font>';
				$_['text_minstock']     = '<font style="color: #f56b6b;">Закінчується</font>';
			]]></add>
		</operation>
	</file>
	<file path="catalog/language/en-gb/product/{category,search,special,manufacturer}.php">
		<operation>
			<search><![CDATA[<?php]]></search>
			<add position="after"><![CDATA[
				$_['text_stock']        = 'Stock:';
				$_['text_instock']      = 'In stock';
				$_['text_outstock']     = 'Out of stock';
				$_['text_minstock']     = 'The item ends';
			]]></add>
		</operation>
	</file>
	<file path="catalog/language/ru-ru/product/{category,search,special,manufacturer}.php">
		<operation>
			<search><![CDATA[<?php]]></search>
			<add position="after"><![CDATA[
				$_['text_stock']        = 'Наличие:';
				$_['text_instock']      = 'На складе';
				$_['text_outstock']     = 'Нет в наличии';
				$_['text_minstock']     = 'Заканчивается';
			]]></add>
		</operation>
	</file>
	<file path="catalog/language/ua-uk/product/{category,search,special,manufacturer}.php">
		<operation>
			<search><![CDATA[<?php]]></search>
			<add position="after"><![CDATA[
				$_['text_stock']        = 'Наявність:';
				$_['text_instock']      = 'В наявності';
				$_['text_outstock']     = 'Немає в наявності';
				$_['text_minstock']     = 'Закінчується';
			]]></add>
		</operation>
	</file>
	<file path="catalog/language/en-gb/octemplates/module/oct_popup_view.php">
		<operation>
			<search><![CDATA[<?php]]></search>
			<add position="after"><![CDATA[
				$_['text_stock']        = 'Наявність:';
				$_['text_instock']      = 'В наявності';
				$_['text_outstock']     = 'Немає в наявності';
				$_['text_minstock']     = 'Закінчується';
			]]></add>
		</operation>
	</file>
	<file path="catalog/language/ru-ru/octemplates/module/oct_popup_view.php">
		<operation>
			<search><![CDATA[<?php]]></search>
			<add position="after"><![CDATA[
				$_['text_stock']        = 'Наявність:';
				$_['text_instock']      = 'В наявності';
				$_['text_outstock']     = 'Немає в наявності';
				$_['text_minstock']     = 'Закінчується';
			]]></add>
		</operation>
	</file>
	<file path="catalog/language/ua-uk/octemplates/module/oct_popup_view.php">
		<operation>
			<search><![CDATA[<?php]]></search>
			<add position="after"><![CDATA[
				$_['text_stock']        = 'Наявність:';
				$_['text_instock']      = 'В наявності';
				$_['text_outstock']     = 'Немає в наявності';
				$_['text_minstock']     = 'Закінчується';
			]]></add>
		</operation>
	</file>
	<file path="catalog/model/catalog/product.php">
		<operation>
			<search><![CDATA['viewed'           => $query->row['viewed']]]></search>
			<add position="before"><![CDATA[
				'oct_stock_status_id' => $query->row['stock_status_id'],
			]]></add>
		</operation>
	</file>
	<file path="catalog/controller/product/product.php">
		<operation>
			<search><![CDATA[if ($product_info['quantity'] <= 0) {]]></search>
			<add position="replace" offset="6"><![CDATA[
				$data['disable_buy'] = 0;

				$oct_product_preorder_text = $this->config->get('oct_product_preorder_text');
				$oct_product_preorder_data = $this->config->get('oct_product_preorder_data');
				$oct_product_stock_checkout = $this->config->get('config_stock_checkout');

				if (isset($oct_product_preorder_data['status']) && $oct_product_preorder_data['status'] && isset($oct_product_preorder_data['stock_statuses']) && isset($product_info['oct_stock_status_id']) && in_array($product_info['oct_stock_status_id'], $oct_product_preorder_data['stock_statuses'])) {
					if ($product_info['quantity'] <= 0) {
						$data['stock'] = $product_info['stock_status'];
						$data['stockbutton'] = $oct_product_preorder_text[$this->session->data['language']]['call_button'];
						if ($oct_product_stock_checkout == 0) {
							$data['disable_buy'] = 1;
						}
					} elseif ($this->config->get('config_stock_display')) {
						$data['stock'] = $product_info['quantity'];
					} elseif ($product_info['quantity'] >= 1 && $product_info['quantity'] <= 3) {
						$data['stock'] = $this->language->get('text_minstock');
					} else {
						$data['stock'] = $this->language->get('text_instock');
					}
				} else {
					if ($product_info['quantity'] <= 0) {
						$data['stock'] = $product_info['stock_status'];
						$data['stockbutton'] = $product_info['stock_status'];
						if ($oct_product_stock_checkout == 0) {
							$data['disable_buy'] = 2;
						}
					} elseif ($this->config->get('config_stock_display')) {
						$data['stock'] = $product_info['quantity'];
						$data['stockbutton'] = $product_info['quantity'];
					} else {
						$data['stock'] = $this->language->get('text_instock');
						$data['stockbutton'] = $this->language->get('text_instock');
					}
				}
			]]></add>
		</operation>
		<operation>
			<search><![CDATA[$data['products'][] = array(]]></search>
			<add position="before"><![CDATA[
				$oct_product_preorder_text = $this->config->get('oct_product_preorder_text');
				$oct_product_preorder_data = $this->config->get('oct_product_preorder_data');
				$oct_product_preorder_language = $this->load->language('octemplates/module/oct_product_preorder');

				if (isset($oct_product_preorder_data['status']) && $oct_product_preorder_data['status'] && isset($oct_product_preorder_data['stock_statuses']) && isset($result['oct_stock_status_id']) && in_array($result['oct_stock_status_id'], $oct_product_preorder_data['stock_statuses'])) {
					$product_preorder_text = $oct_product_preorder_text[$this->session->data['language']]['call_button'];
					$product_preorder_status = 1;
				} else {
					$product_preorder_text = $oct_product_preorder_language['text_out_of_stock'];
					$product_preorder_status = 2;
				}
			 ]]></add>
		</operation>
		<operation>
			<search><![CDATA[$data['products'][] = array(]]></search>
			<add position="after"><![CDATA[
				'quantity' => (int) $result['quantity'],
				'product_preorder_text' => $product_preorder_text,
				'product_preorder_status' => $product_preorder_status,
			]]></add>
		</operation>
	</file>
	<file path="catalog/controller/product/{category,search,special,manufacturer}.php">
		<operation>
			<search><![CDATA[$data['products'][] = array(]]></search>
			<add position="before"><![CDATA[
				$oct_product_preorder_text = $this->config->get('oct_product_preorder_text');
				$oct_product_preorder_data = $this->config->get('oct_product_preorder_data');
				$oct_product_preorder_language = $this->load->language('octemplates/module/oct_product_preorder');
				$data['text_stock'] = $this->language->get('text_stock');

				if (isset($oct_product_preorder_data['status']) && $oct_product_preorder_data['status'] && isset($oct_product_preorder_data['stock_statuses']) && isset($result['oct_stock_status_id']) && in_array($result['oct_stock_status_id'], $oct_product_preorder_data['stock_statuses'])) {
					$product_preorder_text = $oct_product_preorder_text[$this->session->data['language']]['call_button'];
					$product_preorder_status = 1;
				} else {
					$product_preorder_text = $oct_product_preorder_language['text_out_of_stock'];
					$product_preorder_status = 2;
				}
			]]></add>
		</operation>
		<operation>
			<search><![CDATA['price'       => $price,]]></search>
			<add position="before"><![CDATA[
				'quantity'       => (int) $result['quantity'],
				'product_preorder_text' => $product_preorder_text,
				'product_preorder_status' => $product_preorder_status,
			]]></add>
		</operation>
	</file>
	<file path="catalog/controller/extension/module/{bestseller,latest,special}.php">
		<operation>
			<search><![CDATA[$data['products'][] = array(]]></search>
			<add position="before"><![CDATA[
				$oct_product_preorder_text = $this->config->get('oct_product_preorder_text');
				$oct_product_preorder_data = $this->config->get('oct_product_preorder_data');
				$oct_product_preorder_language = $this->load->language('octemplates/module/oct_product_preorder');

				if (isset($oct_product_preorder_data['status']) && $oct_product_preorder_data['status'] && isset($oct_product_preorder_data['stock_statuses']) && isset($result['oct_stock_status_id']) && in_array($result['oct_stock_status_id'], $oct_product_preorder_data['stock_statuses'])) {
					$product_preorder_text = $oct_product_preorder_text[$this->session->data['language']]['call_button'];
					$product_preorder_status = 1;
				} else {
					$product_preorder_text = $oct_product_preorder_language['text_out_of_stock'];
					$product_preorder_status = 2;
				}
			]]></add>
		</operation>
		<operation>
			<search><![CDATA['price'       => $price,]]></search>
			<add position="before"><![CDATA[
				'quantity'       => (int) $result['quantity'],
				'product_preorder_text' => $product_preorder_text,
				'product_preorder_status' => $product_preorder_status,
			]]></add>
		</operation>
	</file>
	<file path="catalog/controller/extension/module/featured.php">
		<operation>
			<search><![CDATA[$data['products'][] = array(]]></search>
			<add position="before"><![CDATA[
				$oct_product_preorder_text = $this->config->get('oct_product_preorder_text');
				$oct_product_preorder_data = $this->config->get('oct_product_preorder_data');
				$oct_product_preorder_language = $this->load->language('octemplates/module/oct_product_preorder');

				if (isset($oct_product_preorder_data['status']) && $oct_product_preorder_data['status'] && isset($oct_product_preorder_data['stock_statuses']) && isset($product_info['oct_stock_status_id']) && in_array($product_info['oct_stock_status_id'], $oct_product_preorder_data['stock_statuses'])) {
					$product_preorder_text = $oct_product_preorder_text[$this->session->data['language']]['call_button'];
					$product_preorder_status = 1;
				} else {
					$product_preorder_text = $oct_product_preorder_language['text_out_of_stock'];
					$product_preorder_status = 2;
				}
			]]></add>
		</operation>
		<operation>
			<search><![CDATA['price'       => $price,]]></search>
			<add position="before"><![CDATA[
				'quantity'       => (int) $product_info['quantity'],
				'product_preorder_text' => $product_preorder_text,
				'product_preorder_status' => $product_preorder_status,
			]]></add>
		</operation>
	</file>
	<file path="catalog/controller/extension/module/oct_products_from_category.php">
		<operation>
			<search><![CDATA[$data['products'][] = []]></search>
			<add position="before"><![CDATA[
				$oct_product_preorder_text = $this->config->get('oct_product_preorder_text');
				$oct_product_preorder_data = $this->config->get('oct_product_preorder_data');
				$oct_product_preorder_language = $this->load->language('octemplates/module/oct_product_preorder');

				if (isset($oct_product_preorder_data['status']) && $oct_product_preorder_data['status'] && isset($oct_product_preorder_data['stock_statuses']) && isset($product_info['oct_stock_status_id']) && in_array($product_info['oct_stock_status_id'], $oct_product_preorder_data['stock_statuses'])) {
					$product_preorder_text = $oct_product_preorder_text[$this->session->data['language']]['call_button'];
					$product_preorder_status = 1;
				} else {
					$product_preorder_text = $oct_product_preorder_language['text_out_of_stock'];
					$product_preorder_status = 2;
				}
			]]></add>
		</operation>
		<operation>
			<search><![CDATA['price'       => $price,]]></search>
			<add position="before"><![CDATA[
				'quantity'       => (int) $product_info['quantity'],
				'product_preorder_text' => $product_preorder_text,
				'product_preorder_status' => $product_preorder_status,
			]]></add>
		</operation>
	</file>
	<file path="catalog/controller/octemplates/blog/oct_blogarticle.php">
		<operation error="skip">
			<search><![CDATA[$data['products'][] = []]></search>
			<add position="before"><![CDATA[
				$oct_product_preorder_text = $this->config->get('oct_product_preorder_text');
				$oct_product_preorder_data = $this->config->get('oct_product_preorder_data');
				$oct_product_preorder_language = $this->load->language('octemplates/module/oct_product_preorder');

				if (isset($oct_product_preorder_data['status']) && $oct_product_preorder_data['status'] && isset($oct_product_preorder_data['stock_statuses']) && isset($product_info['oct_stock_status_id']) && in_array($product_info['oct_stock_status_id'], $oct_product_preorder_data['stock_statuses'])) {
					$product_preorder_text = $oct_product_preorder_text[$this->session->data['language']]['call_button'];
					$product_preorder_status = 1;
				} else {
					$product_preorder_text = $oct_product_preorder_language['text_out_of_stock'];
					$product_preorder_status = 2;
				}
			]]></add>
		</operation>
		<operation>
			<search><![CDATA['price'       => $price,]]></search>
			<add position="before"><![CDATA[
				'quantity'       => (int) $result['quantity'],
				'product_preorder_text' => $product_preorder_text,
				'product_preorder_status' => $product_preorder_status,
			]]></add>
		</operation>
	</file>
	<file path="catalog/controller/octemplates/module/oct_popup_view.php">
		<operation error="skip">
			<search><![CDATA[if ($product_info['quantity'] <= 0) {]]></search>
			<add position="before"><![CDATA[
				$data['disable_buy'] = 0;

				$oct_product_preorder_text = $this->config->get('oct_product_preorder_text');
				$oct_product_preorder_data = $this->config->get('oct_product_preorder_data');
				$oct_product_stock_checkout = $this->config->get('config_stock_checkout');

				if (isset($oct_product_preorder_data['status']) && $oct_product_preorder_data['status'] && isset($oct_product_preorder_data['stock_statuses']) && isset($product_info['oct_stock_status_id']) && in_array($product_info['oct_stock_status_id'], $oct_product_preorder_data['stock_statuses'])) {
					if ($product_info['quantity'] <= 0) {
						$data['stock'] = $product_info['stock_status'];
						$data['stockbutton'] = $oct_product_preorder_text[$this->session->data['language']]['call_button'];
						if ($oct_product_stock_checkout == 0) {
							$data['disable_buy'] = 1;
						}
					} elseif ($this->config->get('config_stock_display')) {
						$data['stock'] = $product_info['quantity'];
					} elseif ($product_info['quantity'] >= 1 && $product_info['quantity'] <= 3) {
						$data['stock'] = $this->language->get('text_minstock');
					} else {
						$data['stock'] = $this->language->get('text_instock');
					}
				} else {
					if ($product_info['quantity'] <= 0) {
						$data['stock'] = $product_info['stock_status'];
						$data['stockbutton'] = $product_info['stock_status'];
						if ($oct_product_stock_checkout == 0) {
							$data['disable_buy'] = 2;
						}
					} elseif ($this->config->get('config_stock_display')) {
						$data['stock'] = $product_info['quantity'];
						$data['stockbutton'] = $product_info['quantity'];
					} else {
						$data['stock'] = $this->language->get('text_instock');
						$data['stockbutton'] = $this->language->get('text_instock');
					}
				}
			]]></add>
		</operation>
	</file>
	<file path="catalog/controller/account/wishlist.php">
		<operation>
			<search><![CDATA[$data['products'][] = array(]]></search>
			<add position="before"><![CDATA[
				$oct_product_preorder_text = $this->config->get('oct_product_preorder_text');
				$oct_product_preorder_data = $this->config->get('oct_product_preorder_data');
				$oct_product_preorder_language = $this->load->language('octemplates/module/oct_product_preorder');

				if (isset($oct_product_preorder_data['status']) && $oct_product_preorder_data['status'] && isset($oct_product_preorder_data['stock_statuses']) && isset($product_info['oct_stock_status_id']) && in_array($product_info['oct_stock_status_id'], $oct_product_preorder_data['stock_statuses'])) {
					$product_preorder_text = $oct_product_preorder_text[$this->session->data['language']]['call_button'];
					$product_preorder_status = 1;
				} else {
					$product_preorder_text = $oct_product_preorder_language['text_out_of_stock'];
					$product_preorder_status = 2;
				}
			]]></add>
		</operation>
		<operation>
			<search><![CDATA[$data['products'][] = array(]]></search>
			<add position="after"><![CDATA[
				'quantity'       => (int) $product_info['quantity'],
				'product_preorder_text' => $product_preorder_text,
				'product_preorder_status' => $product_preorder_status,
			]]></add>
		</operation>
	</file>
	<file path="catalog/controller/product/compare.php">
		<operation>
			<search><![CDATA[$data['products'][$product_id] = array(]]></search>
			<add position="before"><![CDATA[
				$oct_product_preorder_text = $this->config->get('oct_product_preorder_text');
				$oct_product_preorder_data = $this->config->get('oct_product_preorder_data');
				$oct_product_preorder_language = $this->load->language('octemplates/module/oct_product_preorder');

				if (isset($oct_product_preorder_data['status']) && $oct_product_preorder_data['status'] && isset($oct_product_preorder_data['stock_statuses']) && isset($product_info['oct_stock_status_id']) && in_array($product_info['oct_stock_status_id'], $oct_product_preorder_data['stock_statuses'])) {
					$product_preorder_text = $oct_product_preorder_text[$this->session->data['language']]['call_button'];
					$product_preorder_status = 1;
				} else {
					$product_preorder_text = $oct_product_preorder_language['text_out_of_stock'];
					$product_preorder_status = 2;
				}
			]]></add>
		</operation>
		<operation>
			<search><![CDATA[$data['products'][$product_id] = array(]]></search>
			<add position="after"><![CDATA[
				'quantity'       => (int) $product_info['quantity'],
				'product_preorder_text' => $product_preorder_text,
				'product_preorder_status' => $product_preorder_status,
			]]></add>
		</operation>
	</file>
	<file path="catalog/view/theme/oct_ultrastore/template/product/product.twig">
		<operation>
			<search><![CDATA[<div class="us-product-action-left">]]></search>
			<add position="before"><![CDATA[
				{% if (disable_buy is defined and disable_buy is not empty) %}
			]]></add>
		</operation>
		<operation>
			<search><![CDATA[{% if (oct_ultrastore_data.product_advantage is defined and oct_ultrastore_data.product_advantage == 'on') and (oct_product_advantages is defined and oct_product_advantages is not empty) %}]]></search>
			<add position="before"><![CDATA[
				{% endif %}
			]]></add>
		</operation>
		<operation>
			<search><![CDATA[<button type="button" id="button-cart" data-loading-text="{{ text_loading }}" class="us-product-btn us-product-btn-active">{{ button_cart }}</button>]]></search>
			<add position="replace"><![CDATA[
				{% if disable_buy == 0 %}
				<button type="button" id="button-cart" data-loading-text="{{ text_loading }}" class="us-product-btn us-product-btn-active">{{ button_cart }}</button>
				{% elseif disable_buy == 1 %}
				<button type="button" id="preorder-cart" data-loading-text="{{ text_loading }}" onclick="get_oct_product_preorder('{{ product_id }}')" class="us-product-btn us-product-btn-preorder us-product-btn-active">{{ stockbutton }}</button>
				{% else %}
				<button type="button" id="button-cart" data-loading-text="{{ text_loading }}" onclick="javascript:void(0)" class="us-product-btn us-product-btn-in-active">{{ stockbutton }}</button>
				{% endif %}
			]]></add>
		</operation>
	</file>
	<file path="catalog/view/theme/oct_ultrastore/template/product/{category,search,special,manufacturer}.twig">
		<operation>
			<search><![CDATA[<div class="us-module-item d-flex flex-column">]]></search>
			<add position="replace"><![CDATA[
                    <div class="us-module-item d-flex flex-column{% if product.product_preorder_status == 2 and product.quantity <= 0 %} us-no-stock{% endif %}">
                ]]></add>
		</operation>
		<operation error="skip">
			<search><![CDATA[<a href="javascript:void(0);" onclick="cart.add('{{ product.product_id }}');" class="us-module-cart-btn button-cart">{{ button_cart }}</a>]]></search>
			<add position="replace"><![CDATA[<a href="{% if (product.product_preorder_status == 1 and product.quantity > 0) or (product.product_preorder_status == 1 and product.quantity <= 0) %}javascript:void(0);{% else %}{{ product.href }}{% endif %}"{% if product.quantity > 0 %} onclick="cart.add('{{ product.product_id }}');"{% elseif product.product_preorder_status == 1 and product.quantity <= 0 %} onclick="get_oct_product_preorder('{{ product.product_id }}');"{% else %}{% endif %} class="us-module-cart-btn button-cart">{{ ((product.product_preorder_status == 1 or product.product_preorder_status == 2) and product.quantity <= 0) ? product.product_preorder_text : button_cart }}</a>]]></add>
		</operation>
	</file>
	<file path="catalog/view/theme/oct_ultrastore/template/extension/module/{bestseller,latest,special}.twig">
		<operation>
			<search><![CDATA[<div class="us-module-item us-module-column-item us-item">]]></search>
			<add position="replace"><![CDATA[
                    <div class="us-module-item us-module-column-item us-item{% if product.product_preorder_status == 2 and product.quantity <= 0 %} us-no-stock{% endif %}">
                ]]></add>
		</operation>
		<operation error="skip">
			<search><![CDATA[<a href="javascript:void(0);" onclick="cart.add('{{ product.product_id }}');" class="us-module-cart-btn button-cart">{{ button_cart }}</a>]]></search>
			<add position="replace"><![CDATA[<a href="{% if (product.product_preorder_status == 1 or product.product_preorder_status == 2) and product.quantity > 0 %}javascript:void(0);{% else %}{{ product.href }}{% endif %}"{% if product.quantity > 0 %} onclick="cart.add('{{ product.product_id }}');"{% elseif (product.product_preorder_status == 1 or product.product_preorder_status == 2) and product.quantity <= 0 %} onclick="get_oct_product_preorder('{{ product.product_id }}');"{% else %}{% endif %} class="us-module-cart-btn button-cart">{{ ((product.product_preorder_status == 1 or product.product_preorder_status == 2) and product.quantity <= 0) ? product.product_preorder_text : button_cart }}</a>]]></add>
		</operation>
	</file>
	<file path="catalog/view/theme/oct_ultrastore/template/extension/module/featured.twig">
		<operation>
			<search><![CDATA[<div class="us-module-item us-module-column-item us-item">]]></search>
			<add position="replace"><![CDATA[
                    <div class="us-module-item us-module-column-item us-item{% if product.product_preorder_status == 2 and product.quantity <= 0 %} us-no-stock{% endif %}">
                ]]></add>
		</operation>
		<operation error="skip">
			<search><![CDATA[<a href="javascript:void(0);" onclick="cart.add('{{ product.product_id }}');" class="us-module-cart-btn button-cart">{{ button_cart }}</a>]]></search>
			<add position="replace"><![CDATA[<a href="{% if (product.product_preorder_status == 1 or product.product_preorder_status == 2) and product.quantity > 0 %}javascript:void(0);{% else %}{{ product.href }}{% endif %}"{% if product.quantity > 0 %} onclick="cart.add('{{ product.product_id }}');"{% elseif (product.product_preorder_status == 1 or product.product_preorder_status == 2) and product.quantity <= 0 %} onclick="get_oct_product_preorder('{{ product.product_id }}');"{% else %}{% endif %} class="us-module-cart-btn button-cart">{{ ((product.product_preorder_status == 1 or product.product_preorder_status == 2) and product.quantity <= 0) ? product.product_preorder_text : button_cart }}</a>]]></add>
		</operation>
	</file>
	<file path="catalog/view/theme/oct_ultrastore/template/octemplates/module/oct_products_from_category.twig">
		<operation>
			<search><![CDATA[<div class="us-module-item us-module-column-item us-item">]]></search>
			<add position="replace"><![CDATA[
                    <div class="us-module-item us-module-column-item us-item{% if product.product_preorder_status == 2 and product.quantity <= 0 %} us-no-stock{% endif %}">
                ]]></add>
		</operation>
		<operation error="skip">
			<search><![CDATA[<a href="javascript:void(0);" onclick="cart.add('{{ product.product_id }}');" class="us-module-cart-btn button-cart">{{ button_cart }}</a>]]></search>
			<add position="replace"><![CDATA[<a href="{% if (product.product_preorder_status == 1 or product.product_preorder_status == 2) and product.quantity > 0 %}javascript:void(0);{% else %}{{ product.href }}{% endif %}"{% if product.quantity > 0 %} onclick="cart.add('{{ product.product_id }}');"{% elseif (product.product_preorder_status == 1 or product.product_preorder_status == 2) and product.quantity <= 0 %} onclick="get_oct_product_preorder('{{ product.product_id }}');"{% else %}{% endif %} class="us-module-cart-btn button-cart">{{ ((product.product_preorder_status == 1 or product.product_preorder_status == 2) and product.quantity <= 0) ? product.product_preorder_text : button_cart }}</a>]]></add>
		</operation>
	</file>
	<file path="catalog/view/theme/oct_ultrastore/template/octemplates/blog/oct_blogarticle.twig">
		<operation>
			<search><![CDATA[<div class="us-module-item d-flex flex-column">]]></search>
			<add position="replace"><![CDATA[
                    <div class="us-module-item d-flex flex-column{% if product.product_preorder_status == 2 and product.quantity <= 0 %} us-no-stock{% endif %}">
                ]]></add>
		</operation>
		<operation error="skip">
			<search><![CDATA[<a href="javascript:void(0);" onclick="cart.add('{{ product.product_id }}');" class="us-module-cart-btn button-cart">{{ button_cart }}</a>]]></search>
			<add position="replace"><![CDATA[<a href="{% if (product.product_preorder_status == 1 or product.product_preorder_status == 2) and product.quantity > 0 %}javascript:void(0);{% else %}{{ product.href }}{% endif %}"{% if product.quantity > 0 %} onclick="cart.add('{{ product.product_id }}');"{% elseif (product.product_preorder_status == 1 or product.product_preorder_status == 2) and product.quantity <= 0 %} onclick="get_oct_product_preorder('{{ product.product_id }}');"{% else %}{% endif %} class="us-module-cart-btn button-cart">{{ ((product.product_preorder_status == 1 or product.product_preorder_status == 2) and product.quantity <= 0) ? product.product_preorder_text : button_cart }}</a>]]></add>
		</operation>
	</file>
</modification>